user_id,email,username,password,bio,image
1,lacinia@nullaInteger.net,Martin Ruiz,CEF2CF3B-3F66-BD31-D34E-54920DDFB256,"Lorem ipsum dolor sit amet, consectetuer","ac mattis ornare, lectus ante dictum mi, ac mattis velit"
2,nibh@sapienAenean.ca,Abbot Barnett,9116B78C-A06C-C0E7-7EF3-F7DB8B223490,Lorem,"consectetuer mauris id sapien. Cras dolor dolor, tempus non, lacinia"
3,ornare@auguemalesuada.co.uk,Wang Holcomb,541F12B9-1787-9C9F-0D4B-DEA5E6131291,"Lorem ipsum dolor sit amet, consectetuer adipiscing elit.",bibendum fermentum metus. Aenean sed pede nec ante blandit viverra.
4,ultrices@velmaurisInteger.com,Edan Rocha,CA15EE71-C4D3-71B9-1FE1-EAA40B006A82,"Lorem ipsum dolor sit amet, consectetuer adipiscing elit. Curabitur sed",egestas. Aliquam fringilla cursus purus. Nullam scelerisque neque sed sem
5,non@etipsum.org,George Leach,C377BA24-1987-5FE9-A068-3B59C61F3BAE,Lorem,dignissim pharetra. Nam ac nulla. In tincidunt congue turpis. In
6,ultricies.dignissim@dictumcursus.com,Carson Singleton,603E2881-490F-7DBC-BC94-3E8D75A19F3F,"Lorem ipsum dolor sit amet, consectetuer adipiscing elit. Curabitur sed","pellentesque eget, dictum placerat, augue. Sed molestie. Sed id risus"
7,nibh.Phasellus.nulla@aliquet.ca,Carlos Mason,729DC90C-EB4B-6AAC-8556-A6410119474F,"Lorem ipsum dolor sit amet, consectetuer adipiscing elit. Curabitur sed","iaculis quis, pede. Praesent eu dui. Cum sociis natoque penatibus"
8,non.sapien.molestie@Integeridmagna.ca,Galvin Riley,E64E3956-5D9C-B84E-A4A8-7AA7AE9AEFD8,Lorem,"ornare, libero at auctor ullamcorper, nisl arcu iaculis enim, sit"
9,ac.facilisis.facilisis@NullafacilisisSuspendisse.edu,Garrett Nguyen,BC7BF7E6-628C-9D23-45ED-8D972C9485F8,"Lorem ipsum dolor sit amet, consectetuer","malesuada vel, venenatis vel, faucibus id, libero. Donec consectetuer mauris"
10,netus@pretiumaliquetmetus.ca,Abbot Michael,E0DEAC5E-CCF6-1438-7AFE-C89A9F2CC4A3,Lorem ipsum dolor sit,"elementum sem, vitae aliquam eros turpis non enim. Mauris quis"
